ID,페이지,섹션,한국어,영어(현재),영어(제안),구분,사유
index-dubopd30,메인,1 히어로 (#hero),서부개척 시대의 골드러시가 / 21세기 데이터 러시로,From the frontier’s gold rush / to the data rush of the 21st century,From the frontier’s gold rush / to the 21st-century data rush,권장,규약 ①: `21st-century` 형용사 결합. `/` 는 줄바꿈 표시라 유지
index-1opl9eo28,메인,1 히어로 (#hero),AI 데이터를 중심으로 한 새로운 기회의 도시가 춘천에 탄생합니다,A new city of opportunity powered by AI and data is taking shape in Chuncheon.,A new city of opportunity powered by AI and data technology is taking shape in Chuncheon.,권장,규약 ①: `AI data` → `AI and data technology`. 학습데이터로 오독되는 것을 막는다
index-413yxf26,메인,페이지 01 — 수도권 생활권,제2경춘고속화도로와 GTX-B로 완성되는 수도권 생활권,Closer links to the Seoul metropolitan area through the planned Second Gyeongchun Expressway and GTX-B extension.,Enhanced Seoul metropolitan access via the planned Second Gyeongchun Expressway and GTX-B extension,권장,규약 ①: 「수도권 접근성」 관점으로. `Closer links to` 는 주체가 흐리다
index-1dvjh421,메인,지표 4종 (.ov-stat · 카운트업),435 MW / AI 데이터센터 최대 용량,435 MW / Maximum planned AI data center capacity,435 MW / Maximum planned AI Data Center capacity,선택,`AI Data Center` 는 공식 영문 IM의 고유명칭이라 대문자. 다만 **전체 타이틀 케이스는 쓰지 않았다** — 형제 지표 3개가 `Total project cost` · `Total site area` 로 문장형이다(한쪽만 바꾸면 4칸이 어긋난다)
index-fm1x9u34,메인,10 문의 모달 (#contact),기업입주 · 투자 · 사업 문의를 남겨주시면 담당자가 순차적으로 연락드립니다.,"For business location, investment or project inquiries, leave a message and our team will get back to you.","For business location, investment or project inquiries, please submit your inquiry and a member of our team will respond in turn.",권장,`get back to you`(구어) → `respond`. 「순차적으로」를 `in turn` 으로 살린다
index-1tvye4u29,메인,10 문의 모달 (#contact),문의하실 내용을 입력해 주세요. (placeholder),Tell us what you would like to know.,Please describe your inquiry.,권장,`Tell us what you would like to know.` 는 대화체. 입력 안내는 명령형 경어가 표준
index-1y6ihla30,메인,전송 상태 문구 (contact.js),문의가 정상적으로 접수되었습니다. 담당자가 확인 후 연락드립니다.,Your inquiry has been received. Our team will review it and get in touch.,Your inquiry has been received. Our team will review it and respond in due course.,권장,`get in touch`(구어) → `respond in due course`
brand-l1ale340,브랜드,01 브랜드 네임 (#name),"도시와 바이오가 하나가 되는 곳, / 바이오와 도시 인프라가 만나 새로운 가치를 만듭니다",Where biotechnology and city life come together / creating new value through urban infrastructure,Where biotechnology and urban life converge / Creating new value where bio meets city infrastructure,권장,`come together`(구동사) → `converge`. 브랜드 선언문이라 어휘 격을 올린다
concept-1dtnku660,컨셉,02 BIO INDUSTRY (#bio),"27~28년 美 생물보안법 효력 발생 시 글로벌 제약사의 中 의존 탈피 및 블록버스터 특허 만료 도래, 한국 CDMO · CRO에 역대급 수주 기회","As the U.S. BIOSECURE Act takes effect in 2027–28, global pharma shifts away from Chinese suppliers just as the blockbuster patent cliff arrives — an unprecedented opening for Korean CDMOs and CROs","As the U.S. BIOSECURE Act takes effect in 2027–28, global pharmaceutical companies are shifting away from Chinese suppliers, coinciding with the blockbuster patent cliff — an unprecedented opportunity for Korean CDMOs and CROs",권장,`just as`(구어) → `coinciding with` · `global pharma`(약어) → `pharmaceutical companies` · `opening` → `opportunity`
districts-1q8lf3k103,구역 소개,도입부,산업 · 주거 · 상업 · 공공이 유기적으로 어우러지는 거대 융합도시 / AI · BIO · FOOD · MICE 4대 클러스터와 주거 · 교육 · 업무 · 레저 4대 콤플렉스로 / 구성된 8개 권역이 하나의 도시 생태계를 완성합니다,"Industry, housing, commerce and public services come together in one integrated city. / Four clusters — AI, biotechnology, food and MICE — and four complexes — / housing, education, business and leisure — form eight connected districts.","Industry, housing, commerce and public services converge in a single integrated city. / Four clusters — AI, biotechnology, food and MICE — and four complexes — / housing, education, business and leisure",권장,`come together in one` → `converge in a single`
districts-t45c0727,구역 소개,07 에듀 콤플렉스 → Education Complex,도입시설 교육시설 / 유 · 초 · 중 · 고 · 외국교육기관,"Educational facilities / Kindergarten, elementary, middle and high schools, plus foreign educational institutions","Educational facilities / Kindergarten, elementary, middle and high schools, as well as foreign educational institutions",권장,`plus`(구어) → `as well as`
districts-1nfflhn16,구역 소개,08 골프레저 콤플렉스 → Golf & Leisure Complex,임직원 복지 + 분양 · 회원권 수익 기반,"Employee benefit, plus revenue from lot sales and memberships","Employee benefits, together with revenue from lot sales and memberships",권장,`plus` → `together with`. `benefit` → 복수
living-1x63uf751,정주환경,도입부,일과 삶이 조화롭게 어우러지는 곳 / 비즈니스 · 주거 · 교육 · 문화가 / 하나로 완성되는 자족도시,"Where work and life come together / A self-sufficient city connecting business, housing, education and culture","Where work and life are in balance / A self-sufficient city connecting business, housing, education and culture",권장,`come together` → `are in balance`. 국문 「조화롭게 어우러지는」에 더 가깝다
living-1s843y610,정주환경,02 주거 환경 → Residential Environment,(본문 107자),"Parks and green space make up 26% of the city, so nature is never far. Walk the waterfront, cross the green on the way to work, and head straight out into the countryside at the weekend.","Parks and green space account for 26% of the city, placing nature within easy reach — a waterfront path, a green crossing on the way to work, and open countryside at the weekend.",권장,`make up`(구동사) → `account for`. 명령형 나열(`Walk … cross … head straight out`)을 명사구로 바꿔 권유체를 없앤다
living-1eq7rfo12,정주환경,03 교육 환경 → Educational Environment,세계 수준의 교육이 가까이에,"World-class education, close by",Advanced education within the city,권장,`World-class`(과장 수식어) 제거 — 규약 ①이 지양하는 어휘. 「가까이에」는 `within the city` 로
living-rv9pn510,정주환경,04 문화시설 → Culture & Leisure,(본문 104자),"Three minutes from Nam-Chuncheon IC, 50 minutes from Seoul: a 943,000 m² course inside B-CITY, close enough to play on an ordinary day. Golf you used to travel for is simply nearby.","Three minutes from Nam-Chuncheon IC and 50 minutes from Seoul: a 943,000 m² course within B-CITY, accessible on an ordinary weekday. A course of this scale, previously a destination trip, now lies inside the city.",권장,`simply nearby` · `Golf you used to travel for`(2인칭 함의) 제거
about-1wndjgl122,회사소개,비전,"바이오테크이노밸리는 단순한 사업 시행사가 아닌, B-CITY의 비전 동반자입니다. / AI와 BIO가 융합되는 첨단산업 도시, 일과 삶이 어우러지는 자족형 도시, 자연과 첨단이 공존하는 지속가능한 도시를 만들어가며 대한민국 미래 도시의 새로운 기준을 제시하고자 합니다.",Biotech Innovalley is not simply the developer — we are a partner in B-CITY’s vision. / An advanced-industry city where AI and bio converge; a self-sufficient city where work and life fit together; a sustainable city where nature and technology coexist. We intend to set a new standard for the Korean city of the future.,Biotech Innovalley is not merely the developer of B-CITY but a partner in its vision. / An advanced-industry city where AI and bio converge; a self-sufficient city where work and life fit together; a city where nature and technology coexist.,권장,`not simply … — we are`(1인칭) → `not merely … but`. 시행사 소개문에서 `we` 를 뺀다
_shell-1wvrmb756,공통 셸,8. 404 페이지,"주소가 바뀌었거나 삭제된 페이지일 수 있습니다. / 주소를 다시 확인해 주시거나, 위 메뉴에서 원하시는 내용을 찾아보세요.","The address may have changed, or the page may have been removed. / Check the URL, or use the menu above to find what you need.","The address may have changed, or the page may have been removed. / Please check the address, or use the menu above to locate the page you require.",권장,`Check the URL` → 경어 명령형 · `what you need` → `the page you require`
x-_shell-1cav31r26,공통 셸,4. 페이지 제목 · 설명 (<title> · meta description) · English description (자),홍보영상,"See B-CITY on film — city renderings, district walkthroughs and project briefings, all playable in place. (106)","B-CITY on film: city renderings, district walkthroughs and project briefings, available to view in place.",권장,`See B-CITY on film`(명령형) → 명사구. `all playable in place` → `available to view in place`
x-_shell-xzrin225,공통 셸,4. 페이지 제목 · 설명 (<title> · meta description) · English description (자),404,"The page you requested does not exist. Try Business, City, Invest & Locate or the PR Center to find what you are looking for. (126)","The page you requested does not exist. Please use the Business, City, Invest & Locate or PR Center menus to locate the page you require.",권장,`Try …` (명령형 구어) → `Please use … menus`
index-16yjzvd7,메인,1 히어로 (#hero),도시 살펴보기 →,Explore the city →,Explore the city →,선택,히어로 CTA. 명령형이지만 **버튼은 영문 관례상 명령형**이 표준이라 유지 권장. 기관 어투로 굳히려면 `City overview →`
index-uc27175,메인,2 입지 (#location),자세히 보기,Learn more,Learn more,선택,B2B 사이트의 표준 표현이라 유지 권장. 굳히려면 `View details` (같은 라벨 2곳 · aria-label 1곳을 함께 바꿔야 한다)
living-1pgvmdp10,정주환경,03 교육 환경 → Educational Environment,(본문 108자),"Foreign education institutions, established under Article 38 of the Special Act on Enterprise Cities, bring a global learning environment into the city — and with it the making of an international city.","Foreign education institutions, established under Article 38 of the Special Act on the Development of Enterprise Cities, bring a global learning environment into the city — and with it the making of an international city.",권장,같은 법이 우리 파일 안에서 `Special Act on the Development of Enterprise Cities`(6곳)와 `Special Act on Enterprise Cities`(2곳)로 갈려 있다. 용어집 값으로 통일
x-_shell-8e3w0y27,공통 셸,4. 페이지 제목 · 설명 (<title> · meta description) · English description (자),투자·입주,"The Special Act on Enterprise Cities lowers the land-control threshold to 50%. Fast-track permits, infrastructure support and tax relief for relocating companies. (159 → 154 로 줄일 것)","The Special Act on the Development of Enterprise Cities lowers the land-control threshold to 50%. Fast-track permits, infrastructure support and tax relief for relocating companies. (159 → 154 로 줄일 것)",권장,위와 같은 건
effect-izulsk20,기대효과,04 지역균형발전 기대효과,비수도권 첨단산업 거점으로 국토 균형발전 기여,"An advanced-industry base outside the capital region, contributing to balanced national development","An advanced-industry base outside the Seoul metropolitan area, contributing to balanced national development",권장,규약 ①: `capital region` 은 외국 독자에게 모호하다. 공식 영문 IM도 `Seoul Metropolitan` · `metropolitan-area companies` 를 쓴다
concept-1ofhbch17,컨셉,04 FOOD CLUSTER (#food),강원 · 수도권 · 전국 통합 물류 네트워크,"An integrated network across Gangwon, the capital region and the country","An integrated network across Gangwon, the Seoul metropolitan area and the country",권장,위와 같은 건
concept-2x2st018,컨셉,04 FOOD CLUSTER (#food),강원 · 수도권 · 전국을 잇는 광역 물류 거점,"A regional logistics hub linking Gangwon, the capital region and the country","A regional logistics hub linking Gangwon, the Seoul metropolitan area and the country",권장,위와 같은 건
districts-1ofhbch17,구역 소개,03 푸드 물류 클러스터 → Food & Logistics Cluster,강원 · 수도권 · 전국 통합 물류 네트워크,"An integrated network across Gangwon, the capital region and the country","An integrated network across Gangwon, the Seoul metropolitan area and the country",권장,위와 같은 건
living-1nsgrs10,정주환경,01 비즈니스 환경 → Business Environment,(본문 134자),"A meeting in Seoul or a flight abroad from Yangyang International Airport — both within an hour. On a regional network of GTX-B, ITX and expressways, B-CITY reaches every opportunity in the capital region, and the airport puts the rest of the world close.","A meeting in Seoul or a flight abroad from Yangyang International Airport — both within an hour. On a regional network of GTX-B, ITX and expressways, B-CITY reaches every opportunity in the Seoul metropolitan area, and the airport puts the rest of the world close.",권장,위와 같은 건
about-1efhk0221,회사소개,비전,수도권의 한계를 넘어선 기업도시의 표준,Beyond the limits of the capital region — a new standard for the enterprise city,Beyond the limits of the Seoul metropolitan area — a new standard for the enterprise city,권장,위와 같은 건
x-_shell-1t8ivqt24,공통 셸,4. 페이지 제목 · 설명 (<title> · meta description) · English description (자),입지,"Within an hour of Seoul and the capital region, with the GTX-B extension, the Second Gyeongchun Expressway, airports and ports all within reach. (140)","Within an hour of Seoul and the Seoul metropolitan area, with the GTX-B extension, the Second Gyeongchun Expressway, airports and ports all within reach. (140)",권장,위와 같은 건
effect-uvgrbu34,기대효과,사진 alt,AI 데이터 인프라와 바이오 R&D·파일럿 생산설비가 이어지는 첨단 산업 현장,An advanced industrial site joining AI data infrastructure with bio R&D and pilot production,An advanced industrial site joining AI and data infrastructure with bio R&D and pilot production,권장,규약 ①: 일반 서술의 `AI data infrastructure` → `AI and data infrastructure`
districts-1qtveek27,구역 소개,06 하우징 콤플렉스 → Housing Complex,AI 데이터 클러스터 및 첨단산업 클러스터 밀착 배치로 직주근접,"Placed next to the AI Data and advanced-industry clusters, so home and work are close","Placed next to the AI Data Cluster and the advanced-industry clusters, so home and work are close",권장,`the AI Data and advanced-industry clusters` 는 `AI Data` 가 형용사로 읽힌다 → 고유명칭 `AI Data Cluster` 로
